{
  "metrics": {
    "generated": "2025-09-24T18:12:15.537285",
    "total_entities": 109,
    "entities_with_aliases": 17,
    "alias_coverage": 0.14285714285714285,
    "total_aliases": 424,
    "precision": 0.968421052631579,
    "recall": 0.9484536082474226,
    "f1_score": 0.9583333333333333,
    "timeline_completeness": 0.008403361344537815,
    "ner_recall": 0.9484536082474226
  },
  "confusion_matrix": {
    "true_positives": 920,
    "false_positives": 30,
    "false_negatives": 50
  }
}
